{"R": 93.25061887023764, "G": 126.69456396171256, "B": 182.7491052167814}