{"val_loss": [5.1587962843768764e-05, 1.5313043498387636e-06, 5.454561524262608e-07, 4.630945152976022e-06, 1.7033851088547033e-06, 3.546128581888297e-07, 7.654631919602299e-07, 5.304104695467891e-07, 2.8568793806828452e-06, 1.6061629792177398e-06, 7.522726662045898e-06, 1.9208669108803953e-07, 8.532224879098035e-07, 2.322782143573341e-06, 5.995956664237108e-07, 5.201713015878795e-07, 9.316298809651579e-07, 1.084856202085583e-06, 1.1141923557784827e-06, 2.6383640008008543e-06, 0.001482013830127471, 1.8020886855737047e-06, 4.6261472819364034e-07, 6.34438990232411e-07, 4.837424756227912e-07, 6.642109864008593e-07, 6.471856437428869e-07, 5.419374250543583e-07, 1.0068331736185896e-06, 1.3541222756430216e-06, 0.0001701824489828141, 6.70272265336268e-06, 8.018288331560375e-07, 2.6421610570229675e-07, 8.776550241425677e-07, 6.308754549877449e-07, 1.510240427938162e-06, 1.5705375996536271e-06, 5.119679624966492e-07, 1.8077760733911111e-06], "val_acc": [1.0, 1.0, 1.0, 1.0, 1.0, 1.0, 1.0, 1.0, 1.0, 1.0, 1.0, 1.0, 1.0, 1.0, 1.0, 1.0, 1.0, 1.0, 1.0, 1.0, 1.0, 1.0, 1.0, 1.0, 1.0, 1.0, 1.0, 1.0, 1.0, 1.0, 1.0, 1.0, 1.0, 1.0, 1.0, 1.0, 1.0, 1.0, 1.0, 1.0], "loss": [0.08103739607279904, 0.00963820074610949, 0.003988785709928467, 0.0027091832670341045, 0.0035684046349333397, 0.0013456825200455938, 0.0001078073190055446, 0.0004666061246424503, 0.001764500212516791, 0.0002800183372673956, 0.062284255055446255, 0.008483017526168079, 0.002686188076690397, 0.005079546219470078, 0.0030058312685481998, 0.00034001788244396964, 0.00017095686504421274, 0.0004369249788627326, 0.0002570859381756428, 0.0001174574362706585, 0.10503233912677387, 0.007225883883689406, 0.003088940692793783, 0.0014830999223569745, 0.004425148926891263, 0.00023529544039787897, 9.075848349089798e-05, 0.0001481871332539274, 0.00010645773679646954, 0.0001665338122977473, 0.08686123620078079, 0.008207079488939993, 0.0012359209370842203, 0.0004233150532212824, 0.0005412237250408974, 6.787697917254571e-05, 0.0006073551737962538, 0.0008566488525026071, 0.0004542554979932348, 0.00021442884670483788], "acc": [0.9759908536585366, 0.9984538074990337, 0.9984538074990337, 0.9984538074990337, 0.9992269037495168, 0.9992269037495168, 1.0, 1.0, 0.9996134518747584, 1.0, 0.979420731707317, 0.9976807112485504, 0.9988403556242752, 0.998067259373792, 0.9984538074990337, 1.0, 1.0, 1.0, 1.0, 1.0, 0.962109375, 0.9988109393579072, 0.9988109393579072, 0.9992072929052715, 0.998414585810543, 1.0, 1.0, 1.0, 1.0, 1.0, 0.9698932926829268, 0.9984538074990337, 0.9996134518747584, 1.0, 0.9996134518747584, 1.0, 0.9996134518747584, 0.9996134518747584, 1.0, 1.0]}