{"val_loss": [0.0231558769592084, 0.0036182738477727036, 0.000957936489978781, 0.0006803749078779897, 0.009237363643478602, 0.0014658331885143664, 0.0006543940066226891, 0.0005104390025396884, 0.007020887860562652, 0.0012976223627081166, 0.0006233781169962896, 0.0004584417674384076, 0.0003498393678896581, 0.00026179116321145557, 0.00022963022997651202, 0.00018300673520208632, 0.00017057245184498078, 0.00015375185416440895, 0.021272034384310246, 0.0032399432527314047, 0.0018362075307902818, 0.0010719622951000929, 0.0008128261776406786, 0.0008082889103397593, 0.0006029500218573958, 0.0005313449334994538, 0.0005094187667392596, 0.00039087131153792143, 0.016457289922982454, 0.0017779519150509333, 0.0006190026496452364, 0.00046636685865096653, 0.00034987519974457465, 0.0002584254398243502, 0.0002468604676614947, 0.00018193253247446311, 0.00016992858459102594, 0.00014073333289228314, 0.020813720708247274, 0.001426227999552762, 0.0005420176919602116, 0.0004364195994395779, 0.0003244575600389762, 0.0002345834691368509, 0.00022894855224813668, 0.0001723027843034532, 0.0001652539947480407, 0.00014005730867746701, 0.06293504126369953, 0.009938705087957267, 0.005320694308705673, 0.001461464271415025, 0.0007573050487937105, 0.0006917385753205124, 0.0005000058736186475, 0.0004019615199266303, 0.00040487958342087885, 0.000324173248372972, 0.005309467058395967, 0.0011495713656566617, 0.00046869009749326873, 0.0003610351693653199, 0.00025111960171060675, 0.00018987597650266252, 0.0001751042993056882, 0.0001300110874014193, 0.00012964585574759066, 0.00010917916779559573], "val_acc": [0.9921875, 1.0, 1.0, 1.0, 0.99609375, 1.0, 1.0, 1.0, 1.0, 1.0, 1.0, 1.0, 1.0, 1.0, 1.0, 1.0, 1.0, 1.0, 0.99609375, 1.0, 1.0, 1.0, 1.0, 1.0, 1.0, 1.0, 1.0, 1.0, 0.9921875, 1.0, 1.0, 1.0, 1.0, 1.0, 1.0, 1.0, 1.0, 1.0, 0.984375, 1.0, 1.0, 1.0, 1.0, 1.0, 1.0, 1.0, 1.0, 1.0, 0.984375, 1.0, 1.0, 1.0, 1.0, 1.0, 1.0, 1.0, 1.0, 1.0, 1.0, 1.0, 1.0, 1.0, 1.0, 1.0, 1.0, 1.0, 1.0, 1.0], "loss": [0.05112648307254947, 0.004805553827530539, 0.0022438743943186527, 0.001402776323701318, 0.06415752615075468, 0.0031423808416048554, 0.0018091854360530598, 0.0012578677280655165, 0.078394766789066, 0.00251097094726968, 0.0013244912478493928, 0.0010162605429291408, 0.0007723057386528371, 0.0006029371212104823, 0.000601821879707428, 0.00046588987299965806, 0.0004327721085202649, 0.0004403967984685092, 0.10643344160635024, 0.00487316747019204, 0.0024181875842097396, 0.0017078502256507398, 0.0014334676141828132, 0.0012770688154424969, 0.0010757157960655614, 0.0009801959508370713, 0.000821847130557957, 0.0009714741320674113, 0.05989348389798912, 0.002303017577308345, 0.0012454930898561716, 0.0008622571501710243, 0.0007566483257083524, 0.0005652667585968076, 0.0005758305069524975, 0.0004500241460530451, 0.0003998843680942668, 0.0003536727820011162, 0.06367629811894603, 0.0026193620251138143, 0.0013390012328168446, 0.0010975680566365118, 0.0007944563571576089, 0.0007090002400640385, 0.0006317778939225002, 0.000488543039911211, 0.00044066186066501627, 0.0003954140363299084, 0.1153803699184209, 0.005157242256674061, 0.002371108565100048, 0.0014498523943398622, 0.0011348864873867515, 0.0008852034897642787, 0.0007422433061120287, 0.0007153853264759474, 0.0005597441429157862, 0.0005646456872353724, 0.04826070731732904, 0.001948995874535147, 0.0011454575007855546, 0.0008402629689962193, 0.0007347827914516882, 0.0005222739489618754, 0.0004513185405719879, 0.0003913521437846689, 0.0003616678921383768, 0.00035013503527861326], "acc": [0.9866615853658537, 0.9996134518747584, 1.0, 1.0, 0.9786585365853658, 1.0, 1.0, 1.0, 0.9714176829268293, 1.0, 1.0, 1.0, 1.0, 1.0, 1.0, 1.0, 1.0, 1.0, 0.95859375, 0.9996036464526358, 1.0, 1.0, 1.0, 1.0, 1.0, 1.0, 1.0, 1.0, 0.9778963414634146, 1.0, 1.0, 1.0, 1.0, 1.0, 1.0, 1.0, 1.0, 1.0, 0.9752286585365854, 1.0, 1.0, 1.0, 1.0, 1.0, 1.0, 1.0, 1.0, 1.0, 0.948828125, 0.9996036464526358, 1.0, 1.0, 1.0, 1.0, 1.0, 1.0, 1.0, 1.0, 0.9824695121951219, 1.0, 1.0, 1.0, 1.0, 1.0, 1.0, 1.0, 1.0, 1.0]}