{"val_loss": [0.00015625282230757875, 1.724565042907186e-05, 8.862572036826811e-06, 2.5868546248547677e-05, 2.0740762392882442e-05, 7.848868011706145e-05, 0.0001413427792975443, 0.00010186007692862176, 1.455192543852761e-05, 4.443817982328295e-06, 0.02222935331519693, 3.5489704406969886e-05, 1.439331037040397e-07, 3.5963098441176415e-05, 2.2119304215667905e-07, 2.8401290919077837e-07, 4.479007941180896e-07, 3.178574070655396e-07, 3.74792584590891e-06, 4.603441781213193e-06, 0.015931411928249872, 0.0006841563531983789, 2.270663446631863e-05, 2.587055447190729e-05, 4.716068822556015e-05, 0.0001452918877475895, 4.568093771965886e-05, 5.918935354887478e-05, 2.488531566547402e-05, 9.546892860157148e-06, 2.9053937424805554e-06, 1.8760295663872715e-05, 1.4751250333787327e-06, 9.248401449274917e-06, 2.6575899106846997e-05, 2.9249355520732934e-05, 3.6350656341415126e-05, 4.133979205678503e-06, 2.13339397155776e-05, 1.3155485884575864e-05, 0.000285585348137829, 2.847334400380788e-05, 1.5459937462154815e-05, 0.0004082381783203964, 7.703313718648684e-05, 3.4876273730333196e-05, 5.871682247404993e-05, 4.739646329728431e-05, 0.0003914847428942184, 8.287836381104962e-05, 7.8898831605911255, 7.7722370469724975, 7.980421887847768, 8.2580018518291, 8.049816878843101, 7.8898831605911255, 7.7722370469724975, 7.980421887847768, 8.2580018518291, 8.049816878843101, 3.3382910487489426e-05, 4.677512113244809e-05, 6.701549476952981e-05, 5.3065881769080116e-05, 6.39100698999873e-05, 9.502421744400635e-05, 8.714029147353697e-05, 4.275540552390296e-05, 6.264541514697374e-06, 2.782974982859017e-05, 0.03742059785872698, 0.0027615165188784843, 0.0034740254300204523, 0.0009656493421061896, 0.0001107860567071022, 0.0002624381621175046, 8.508704013365787e-05, 7.849056360400338e-05, 0.00015791508668551254, 0.00023957328812684864, 0.0003038330178242177, 0.00013571202810914196, 0.00014368497030265242, 6.320330575642728e-05, 0.0002413645050426929, 0.00016755275646573864, 0.0003561656231358466, 4.8000666361253755e-05, 1.5312341268079102e-05, 3.246091314808423e-05], "val_acc": [1.0, 1.0, 1.0, 1.0, 1.0, 1.0, 1.0, 1.0, 1.0, 1.0, 0.98828125, 1.0, 1.0, 1.0, 1.0, 1.0, 1.0, 1.0, 1.0, 1.0, 0.99609375, 1.0, 1.0, 1.0, 1.0, 1.0, 1.0, 1.0, 1.0, 1.0, 1.0, 1.0, 1.0, 1.0, 1.0, 1.0, 1.0, 1.0, 1.0, 1.0, 1.0, 1.0, 1.0, 1.0, 1.0, 1.0, 1.0, 1.0, 1.0, 1.0, 0.5078125, 0.5151515155385583, 0.5021645025515453, 0.484848485235528, 0.497835498222541, 0.5078125, 0.5151515155385583, 0.5021645025515453, 0.484848485235528, 0.497835498222541, 1.0, 1.0, 1.0, 1.0, 1.0, 1.0, 1.0, 1.0, 1.0, 1.0, 0.9921875, 1.0, 1.0, 1.0, 1.0, 1.0, 1.0, 1.0, 1.0, 1.0, 1.0, 1.0, 1.0, 1.0, 1.0, 1.0, 1.0, 1.0, 1.0, 1.0], "loss": [0.06465119451036672, 0.010922444494670473, 0.010484096444072038, 0.0019312872808873002, 0.0005577226116712222, 0.003486163627330663, 0.0013772744093794819, 0.0015935735763137916, 0.000527107186821548, 0.0014612798607913206, 0.09176343852595892, 0.012551775720635297, 0.0025999860249768985, 0.0023995247572989858, 0.002247022791814801, 0.0004946648811011214, 0.0017324225879993692, 0.0024751068700139623, 0.000351481927151292, 0.0004946697666743638, 0.0912135801059421, 0.005918803279927835, 0.003776306896172136, 0.0035188334687027228, 0.0010896100284017631, 0.000988586142234026, 0.0009305314819403998, 0.0010044509086867338, 0.0006002720814853975, 0.0009710962764112762, 0.09648527432852085, 0.0046364365452554925, 0.0030757491434533703, 0.0011939122829655838, 0.002032343940416068, 0.0013840630763740638, 0.001750351835655528, 0.0017437977023870425, 0.0009910350959587784, 0.0005890466071342906, 0.12437615911696367, 0.006867890479133126, 0.009861144703595951, 0.008277524388039862, 0.0023039964852188057, 0.002686752620933251, 0.0013691178321583498, 0.0015471525231268875, 0.0007886103355339439, 0.0009827445027618506, 7.979895673147062, 8.005824867620126, 7.981039073414723, 8.024414307646278, 8.005824916649381, 7.974842683845936, 8.01821787089144, 8.024414307646278, 8.00582495203892, 7.987235547402304, 0.14191679014517675, 0.006071182181695091, 0.004342009764395807, 0.0015762888249618249, 0.0018789069539975162, 0.0015311819849139641, 0.001154708481527135, 0.0009963162201111124, 0.0022410828736319616, 0.003821722780671842, 0.18094619470648468, 0.008958790565442605, 0.004602715991706164, 0.003795288602466792, 0.003093545986586769, 0.002423547524287027, 0.0034298182739586442, 0.0027549195122173083, 0.0018357363531533576, 0.0032996082925018082, 0.14710726793401124, 0.011014200988303758, 0.008390578416931782, 0.0062167340731161405, 0.0036773265596024857, 0.005809177191028297, 0.0023582191657416083, 0.0029580905734220104, 0.0024218977374117568, 0.003606568658367351], "acc": [0.975609756097561, 0.9969076149980672, 0.9969076149980672, 0.9992269037495168, 1.0, 0.9992269037495168, 0.9996134518747584, 0.9992269037495168, 1.0, 0.9996134518747584, 0.9683689024390244, 0.9953614224971009, 0.9992269037495168, 0.9988403556242752, 0.9992269037495168, 1.0, 0.9996134518747584, 0.9992269037495168, 1.0, 1.0, 0.9676067073170732, 0.9984538074990337, 0.9992269037495168, 0.9992269037495168, 1.0, 1.0, 1.0, 0.9996134518747584, 1.0, 1.0, 0.9660823170731707, 0.998067259373792, 0.9984538074990337, 0.9996134518747584, 0.9992269037495168, 0.9996134518747584, 0.9992269037495168, 0.9992269037495168, 0.9996134518747584, 1.0, 0.9565548780487805, 0.9972941631233089, 0.9969076149980672, 0.9984538074990337, 0.9992269037495168, 0.9992269037495168, 0.9996134518747584, 0.9988403556242752, 1.0, 1.0, 0.49885670731707316, 0.5005798223030627, 0.5021260148040291, 0.49942017792733795, 0.5005798223030627, 0.5025125629292707, 0.49980672605257953, 0.49942017792733795, 0.5005798223030627, 0.5017394666787874, 0.9496951219512195, 0.9972941633537095, 0.998067259373792, 0.9992269037495168, 0.9996134518747584, 0.9992269037495168, 0.9996134518747584, 1.0, 0.9992269037495168, 0.9988403556242752, 0.933203125, 0.9972255251684503, 0.999207292928896, 0.9988109393579072, 0.9988109393579072, 0.9996036464526358, 0.998414585810543, 0.9992072929052715, 0.9996036464526358, 0.9988109393579072, 0.9435975609756098, 0.9972941631233089, 0.9976807112485504, 0.9984538074990337, 0.998067259373792, 0.9976807112485504, 0.9996134518747584, 0.9992269037495168, 0.9996134518747584, 0.9984538074990337]}