{"val_loss": [0.5538434684276581, 0.5427652065888112, 0.5327780200289441, 0.5230795823650443, 0.5135750202905565, 0.5043033063411713, 0.4952726028698347, 0.48644986839005444, 0.47784179423278544, 0.46941999465356143], "val_acc": [1.0, 1.0, 1.0, 1.0, 1.0, 1.0, 1.0, 1.0, 1.0, 1.0], "loss": [0.6157101334595099, 0.5482454932837307, 0.5382422637100794, 0.5281114136108248, 0.5184126405997953, 0.5090246440869388, 0.4998824295962599, 0.4909592144937187, 0.4822556053665922, 0.4737376443635648], "acc": [0.9798018292682927, 1.0, 1.0, 1.0, 1.0, 1.0, 1.0, 1.0, 1.0, 1.0]}