{"val_loss": [0.1422077976167202, 0.12309808158255242, 0.11836858055034241, 0.11526248810482231, 0.11183790043318942, 0.10876104980707169, 0.10594688320443743, 0.10323403543466098, 0.10063998433418604, 0.09816059589515001, 0.32767749577760696, 0.09746957900459895, 0.09594644713187646, 0.09485239908099174, 0.09382611522060669, 0.09279040372121834, 0.09174858778715134, 0.09078437870669508, 0.08981814819895578, 0.08884191513061523, 0.11256406456232071, 0.10505327750078011, 0.10207778415380618, 0.09928478226388171, 0.09679784503204998, 0.09446003660559654, 0.09224282366372806, 0.09011000710906404, 0.08806465769355948, 0.08610586870413323], "val_acc": [0.9921875, 1.0, 1.0, 1.0, 1.0, 1.0, 1.0, 1.0, 1.0, 1.0, 0.97265625, 1.0, 1.0, 1.0, 1.0, 1.0, 1.0, 1.0, 1.0, 1.0, 1.0, 1.0, 1.0, 1.0, 1.0, 1.0, 1.0, 1.0, 1.0, 1.0], "loss": [0.21694461456159267, 0.1601603296579981, 0.12311083549841703, 0.11793319629825677, 0.11363512909476896, 0.11040713146737888, 0.10754337283027739, 0.10474890248168146, 0.10207658873926409, 0.09956155716508892, 0.22825917936861514, 0.09935040808874512, 0.09672064014632599, 0.09561592909820109, 0.09448177653600713, 0.09339921801006609, 0.09237067152170543, 0.09139403207371549, 0.09041684715345272, 0.08946520670084929, 0.1944745922597443, 0.10854703669191836, 0.10359908017150951, 0.10065270413705452, 0.09812614487885138, 0.09572307135050113, 0.0934667017413098, 0.09128982845044385, 0.08922909489632298, 0.08721175396711982], "acc": [0.9657012195121951, 0.9930421337456513, 0.9992269037495168, 0.9992269037495168, 1.0, 1.0, 1.0, 1.0, 1.0, 1.0, 0.955078125, 0.9996036464526358, 1.0, 1.0, 1.0, 1.0, 1.0, 1.0, 1.0, 1.0, 0.9740853658536586, 0.9992269037495168, 1.0, 1.0, 1.0, 1.0, 1.0, 1.0, 1.0, 1.0]}