{"val_loss": [0.380603663623333, 0.3605289205070182, 0.35232655762077925, 0.3443151467290276, 0.33655397974567497, 0.3290890008211136, 0.32192197712984955, 0.3150157506589766, 0.30834599000550966, 0.30194120515476575, 0.42223435640335083, 0.3337199109757018, 0.33061031827669657, 0.3273184895515442, 0.3240881974468688, 0.3209103015725484, 0.31778909265995026, 0.3147152073369055, 0.31168325040154826, 0.30869990587234497, 0.3622989058494568, 0.3548396469710709, 0.34648301023425476, 0.3384797686622256, 0.3308055776280242, 0.3234127461910248, 0.31632058045048733, 0.3094946620784281, 0.30289365409256575, 0.2965296399799776], "val_acc": [0.9921875, 1.0, 1.0, 1.0, 1.0, 1.0, 1.0, 1.0, 1.0, 1.0, 0.98046875, 1.0, 1.0, 1.0, 1.0, 1.0, 1.0, 1.0, 1.0, 1.0, 1.0, 1.0, 1.0, 1.0, 1.0, 1.0, 1.0, 1.0, 1.0, 1.0], "loss": [0.42239267651627704, 0.3647597813910391, 0.3570360759648292, 0.34847669780922524, 0.3404973008985634, 0.3328841099141876, 0.3255908745317603, 0.31855615195870446, 0.3118543812654449, 0.30526394138107626, 0.46151228845119474, 0.3376378055205668, 0.3323748327062284, 0.3290754702419125, 0.3258132498934304, 0.32262007559616795, 0.31947249089069796, 0.3163765180077857, 0.3133147737004669, 0.3103076468561076, 0.4127225112624285, 0.35903066424361335, 0.35071610043903184, 0.34255811625067034, 0.3347144446803374, 0.32718735623414974, 0.3199625910019663, 0.31303235764064796, 0.30628845047250325, 0.29981052714238354], "acc": [0.9771341463414634, 1.0, 1.0, 1.0, 1.0, 1.0, 1.0, 1.0, 1.0, 1.0, 0.9359375, 0.998414585810543, 1.0, 1.0, 1.0, 1.0, 1.0, 1.0, 1.0, 1.0, 0.9778963414634146, 1.0, 1.0, 1.0, 1.0, 1.0, 1.0, 1.0, 1.0, 1.0]}